"p","output","pred","truth"
0,0,0.925068199634552,1
0.01,0,0.925068199634552,0.904382075008805
0.02,0,0.925068199634552,0.817072806887547
0.03,0,0.925068199634552,0.737424126894928
0.04,0,0.925068199634552,0.664832635991501
0.05,0,0.925068199634552,0.598736939238379
0.06,0,0.925068199634552,0.5386151140949
0.07,0,0.463770717382431,0.483982307179293
0.08,0,0.463770717382431,0.434388454223632
0.09,0,0.463770717382431,0.389416118118108
0.1,0,0.463770717382431,0.3486784401
0.11,0,0.472895056009293,0.311817199299662
0.12,0,0.472895056009293,0.278500976009402
0.13,0,0.472895056009293,0.248423414191436
0.14,0,0.472895056009293,0.221301578888031
0.15,0,0.472895056009293,0.196874404340723
0.16,0,0.209698870778084,0.174901228765981
0.17,0,0.209698870778084,0.155160411872059
0.18,0,0.209698870778084,0.137448031335961
0.19,0,0.209698870778084,0.121576654590569
0.2,0,0.209698870778084,0.1073741824
0.21,0,0.00242260424420238,0.0946827608262685
0.22,0,0.00242260424420238,0.083357758312362
0.23,0,0.00242260424420238,0.073266804725862
0.24,0,0.00242260424420238,0.0642888893233994
0.25,0,0.00242260424420238,0.0563135147094727
0.26,0,0.00242260424420238,0.0492399039735588
0.27,0,0.00242260424420238,0.0429762582970355
0.28,0,0.00242260424420238,0.0374390624262449
0.29,0,0.0024484028108418,0.0325524355100988
0.3,0,0.00451218336820602,0.0282475249
0.31,0,0.00451218336820602,0.0244619406065476
0.32,0,0.00451218336820602,0.0211392282015721
0.33,0,0.00451218336820602,0.0182283780455176
0.34,0,0.00451218336820602,0.015683368809108
0.35,0,0.00410292949527502,0.0134627433446289
0.36,0,0.00412605982273817,0.0115292150460685
0.37,0,0.00412605982273817,0.00984930291881791
0.38,0,0.00412605982273817,0.0083929936586834
0.39,0,0.00393391726538539,0.00713342911662882
0.4,0,0.00393391726538539,0.0060466176
0.41,0,0.00377721549011767,0.00511116753300641
0.42,0,0.00377721549011767,0.00430804206899406
0.43,0,0.00377721549011767,0.00362033331456891
0.44,0,0.00383737846277654,0.00303305489096114
0.45,0,0.00383737846277654,0.0025329516211914
0.46,0,0.00348603585734963,0.0021083251926492
0.47,0,0.00348603585734963,0.00174887470365513
0.48,0,0.00348603585734963,0.00144555105949057
0.49,0,0.00348603585734963,0.00119042423827613
0.5,0,0.00354495598003268,0.0009765625
0.51,0,0.00354495598003268,0.00079792266297612
0.52,0,0.00354495598003268,0.00064925062108545
0.53,0,0.00354495598003268,0.0005259913223583
0.54,0,0.00400235410779715,0.000424207474827765
0.55,0,0.00400235410779715,0.000340506289160156
0.56,0,0.00400235410779715,0.000271973609384182
0.57,0,0.00400235410779715,0.000216114823132842
0.58,0,0.00400235410779715,0.000170801981216778
0.59,0,0.00400235410779715,0.000134226593101524
0.6,0,0.00353920133784413,0.0001048576
0.61,0,0.00336428615264595,8.1404060851916e-05
0.62,0,0.00336428615264595,6.27821184798822e-05
0.63,0,0.00370323890820146,4.80858437241785e-05
0.64,0,0.00361527316272259,3.65615844006297e-05
0.65,0,0.00346978544257581,2.75854735351562e-05
0.66,0,0.00346978544257581,2.06437775405977e-05
0.67,0,0.00379467289894819,1.53157898526445e-05
0.68,0,0.00338852638378739,1.12589990684262e-05
0.69,0,0.00344265205785632,8.196282869808e-06
0.7,0,0.00344265205785632,5.90489999999999e-06
0.71,0,0.00344265205785632,4.20707233300202e-06
0.72,0,0.00344265205785632,2.96196766695424e-06
0.73,0,0.00344265205785632,2.05891132094649e-06
0.74,0,0.00344265205785632,1.41167095653376e-06
0.75,0,0.00321586267091334,9.5367431640625e-07
0.76,0,0.00321586267091334,6.3403380965376e-07
0.77,0,0.00321586267091334,4.1426511213649e-07
0.78,0,0.00321586267091334,2.6559922791424e-07
0.79,0,0.00190349062904716,1.6679880978201e-07
0.8,0,0.00190349062904716,1.024e-07
0.81,0,0.00182698061689734,6.13106625780098e-08
0.82,0,0.00182698061689734,3.57046722662399e-08
0.83,0,0.00182698061689734,2.01599390044899e-08
0.84,0,0.00182698061689734,1.099511627776e-08
0.85,0,0.00182698061689734,5.76650390625001e-09
0.86,0,0.00182698061689734,2.89254654976e-09
0.87,0,0.00182698061689734,1.37858491849e-09
0.88,0,0.00185766653157771,6.1917364224e-10
0.89,0,0.00185766653157771,2.5937424601e-10
0.9,0,0.00165493949316442,9.99999999999997e-11
0.91,0,0.00161015090998262,3.48678440099999e-11
0.92,0,0.00161015090998262,1.07374182399999e-11
0.93,0,0.00161015090998262,2.82475248999998e-12
0.94,0,0.00161015090998262,6.04661759999994e-13
0.95,0,0.00153968657832593,9.76562499999988e-14
0.96,0,0.00153968657832593,1.04857600000001e-14
0.97,0,0.00153968657832593,5.90490000000005e-16
0.98,0,0.00153968657832593,1.02400000000001e-17
0.99,0,0.00024001499696169,1.00000000000001e-20
1,0,0.00024001499696169,0
0,1,0.0342836417257786,0
0.01,1,0.0342836417257786,0.091351724748364
0.02,1,0.0342836417257786,0.16674955242603
0.03,1,0.0342836417257786,0.22806931759637
0.04,1,0.0342836417257786,0.277013598329792
0.05,1,0.0342836417257786,0.315124704862305
0.06,1,0.0342836417257786,0.34379688133717
0.07,1,0.245341420173645,0.364287758091941
0.08,1,0.245341420173645,0.377729090629245
0.09,1,0.245341420173645,0.38513682011681
0.1,1,0.245341420173645,0.387420489
0.11,1,0.230494052171707,0.385392044078234
0.12,1,0.230494052171707,0.379774058194639
0.13,1,0.230494052171707,0.371207400515938
0.14,1,0.230494052171707,0.360258384236329
0.15,1,0.230494052171707,0.347425419424805
0.16,1,0.332311183214188,0.333145197649487
0.17,1,0.332311183214188,0.317798433954819
0.18,1,0.332311183214188,0.301715190737475
0.19,1,0.332311183214188,0.285179807064298
0.2,1,0.332311183214188,0.268435456
0.21,1,0.412634521722794,0.251688351563498
0.22,1,0.412634521722794,0.235111626009226
0.23,1,0.412634521722794,0.218848897233094
0.24,1,0.412634521722794,0.203017545231788
0.25,1,0.412634521722794,0.187711715698242
0.26,1,0.412634521722794,0.173005068015207
0.27,1,0.412634521722794,0.158953284112323
0.28,1,0.412634521722794,0.145596353879841
0.29,1,0.406379550695419,0.132960652083502
0.3,1,0.100192591547966,0.121060821
0.31,1,0.100192591547966,0.109901472290286
0.32,1,0.100192591547966,0.0994787209485746
0.33,1,0.100192591547966,0.0897815635077734
0.34,1,0.100192591547966,0.0807931120469197
0.35,1,0.0032967459410429,0.0724916949326172
0.36,1,0.00331533141434193,0.0648518346341351
0.37,1,0.00331533141434193,0.0578451123803591
0.38,1,0.00331533141434193,0.0514409288758015
0.39,1,0.00316094304434955,0.0456071697620531
0.4,1,0.00316094304434955,0.040310784
0.41,1,0.00303503149189055,0.0355182828564852
0.42,1,0.00303503149189055,0.0311961667065087
0.43,1,0.00303503149189055,0.0273112864081514
0.44,1,0.00308337318710983,0.0238311455718376
0.45,1,0.00308337318710983,0.0207241496279297
0.46,1,0.00280106579884887,0.0179598071966414
0.47,1,0.00280106579884887,0.01550888888147
0.48,1,0.00280106579884887,0.0133435482414514
0.49,1,0.00280106579884887,0.0114374093481432
0.5,1,0.00284840865060687,0.009765625
0.51,1,0.00284840865060687,0.0083049093493433
0.52,1,0.00284840865060687,0.00703354839509238
0.53,1,0.00284840865060687,0.00593139150744466
0.54,1,0.00321593252010643,0.0049798268784129
0.55,1,0.00321593252010643,0.00416174353417969
0.56,1,0.00321593252010643,0.00346148230125322
0.57,1,0.00321593252010643,0.00286477788804
0.58,1,0.00321593252010643,0.00235869402632694
0.59,1,0.00321593252010643,0.00193155341292437
0.6,1,0.0028437846340239,0.001572864
0.61,1,0.00270323851145804,0.00127324300306843
0.62,1,0.00270323851145804,0.00102433982782966
0.63,1,0.00297559075988829,0.000818758960708983
0.64,1,0.00290490919724107,0.000649983722677862
0.65,1,0.00278800842352211,0.000512301651367186
0.66,1,0.00278800842352211,0.000400732152258663
0.67,1,0.00304905883967876,0.000310956945493085
0.68,1,0.0027227159589529,0.000239253730204057
0.69,1,0.00276620639488101,0.00018243339290863
0.7,1,0.00276620639488101,0.000137780999999999
0.71,1,0.00276620639488101,0.00010300073642867
0.72,1,0.00276620639488101,7.61648828645378e-05
0.73,1,0.00276620639488101,5.56668616404052e-05
0.74,1,0.00276620639488101,4.01783272244225e-05
0.75,1,0.00258397893048823,2.86102294921875e-05
0.76,1,0.00258397893048823,2.00777373057024e-05
0.77,1,0.00258397893048823,1.38688754932651e-05
0.78,1,0.00258397893048823,9.41669989877758e-06
0.79,1,0.0015294742770493,6.27481236798988e-06
0.8,1,0.0015294742770493,4.09599999999999e-06
0.81,1,0.00146799779031426,2.61377035200989e-06
0.82,1,0.00146799779031426,1.62654618101759e-06
0.83,1,0.00146799779031426,9.84279374925094e-07
0.84,1,0.00146799779031426,5.77243604582402e-07
0.85,1,0.00146799779031426,3.267685546875e-07
0.86,1,0.00146799779031426,1.776850023424e-07
0.87,1,0.00146799779031426,9.22591445451002e-08
0.88,1,0.00149265420623124,4.54060670976001e-08
0.89,1,0.00149265420623124,2.09857344498999e-08
0.9,1,0.00132976099848747,9e-09
0.91,1,0.00129377283155918,3.52552644989999e-09
0.92,1,0.00129377283155918,1.23480309759999e-09
0.93,1,0.00129377283155918,3.75288545099997e-10
0.94,1,0.00129377283155918,9.47303423999995e-11
0.95,1,0.00123715400695801,1.85546874999998e-11
0.96,1,0.00123715400695801,2.51658240000002e-12
0.97,1,0.00123715400695801,1.90925100000001e-13
0.98,1,0.00123715400695801,5.01760000000006e-15
0.99,1,0.000192854524357244,9.90000000000008e-18
1,1,0.000192854524357244,0
0,2,0.0198224391788244,0
0.01,2,0.0198224391788244,0.00415235112492564
0.02,2,0.0198224391788244,0.0153137344064721
0.03,2,0.0198224391788244,0.0317416060572267
0.04,2,0.0198224391788244,0.051940049686836
0.05,2,0.0198224391788244,0.0746347985200195
0.06,2,0.0198224391788244,0.0987501680436552
0.07,2,0.141853839159012,0.123387789031141
0.08,2,0.141853839159012,0.147807035463618
0.09,2,0.141853839159012,0.171407046315723
0.1,2,0.141853839159012,0.1937102445
0.11,2,0.14464470744133,0.214347260470478
0.12,2,0.14464470744133,0.233043172073983
0.13,2,0.14464470744133,0.249604976208993
0.14,2,0.14464470744133,0.263910211708009
0.15,2,0.14464470744133,0.275896656602051
0.16,2,0.208539232611656,0.285553026556704
0.17,2,0.208539232611656,0.292910604789682
0.18,2,0.208539232611656,0.298035737191895
0.19,2,0.208539232611656,0.301023129678982
0.2,2,0.208539232611656,0.301989888
0.21,2,0.258945494890213,0.301070243325957
0.22,2,0.258945494890213,0.298410909934787
0.23,2,0.258945494890213,0.294167024202925
0.24,2,0.258945494890213,0.28849861690833
0.25,2,0.258945494890213,0.281567573547363
0.26,2,0.258945494890213,0.273535039969989
0.27,2,0.258945494890213,0.264559233145853
0.28,2,0.258945494890213,0.254793619289722
0.29,2,0.261703044176102,0.244385423899958
0.3,2,0.20772485435009,0.2334744405
0.31,2,0.20772485435009,0.222192107021666
0.32,2,0.20772485435009,0.210660820832276
0.33,2,0.20772485435009,0.198993465386632
0.34,2,0.20772485435009,0.187293123381496
0.35,2,0.188884258270264,0.175652953105957
0.36,2,0.189949095249176,0.164156206417655
0.37,2,0.189949095249176,0.152876368433806
0.38,2,0.189949095249176,0.141877400609065
0.39,2,0.181103587150574,0.131214070380989
0.4,2,0.181103587150574,0.120932352
0.41,2,0.110392197966576,0.111069884525789
0.42,2,0.110392197966576,0.101656474267761
0.43,2,0.110392197966576,0.0927146301750406
0.44,2,0.112150512635708,0.0842601218432828
0.45,2,0.112150512635708,0.076302550902832
0.46,2,0.101882211863995,0.0688459275871253
0.47,2,0.101882211863995,0.0618892452534134
0.48,2,0.101882211863995,0.0554270465414136
0.49,2,0.101882211863995,0.0494499757110897
0.5,2,0.103604197502136,0.0439453125
0.51,2,0.103604197502136,0.0388974835851895
0.52,2,0.103604197502136,0.0342885484260754
0.53,2,0.103604197502136,0.0300986569047989
0.54,2,0.00662883650511503,0.0263064767707464
0.55,2,0.00662883650511503,0.0228895894379883
0.56,2,0.00662883650511503,0.0198248531799048
0.57,2,0.00662883650511503,0.0170887332158665
0.58,2,0.00662883650511503,0.0146575985921746
0.59,2,0.00662883650511503,0.0125079861251566
0.6,2,0.00586174568161368,0.010616832
0.61,2,0.00557204522192478,0.00896167190621241
0.62,2,0.00557204522192478,0.0075208108411704
0.63,2,0.00613343203440309,0.00627346392867561
0.64,2,0.00598774012178183,0.00519986978142291
0.65,2,0.00574677810072899,0.00428137808642578
0.66,2,0.00574677810072899,0.00350051321237714
0.67,2,0.00628486834466457,0.00284101572927773
0.68,2,0.00561219453811646,0.0022878637950763
0.69,2,0.00570183759555221,0.00182727640316547
0.7,2,0.00570183759555221,0.0014467005
0.71,2,0.00570183759555221,0.00113478397548138
0.72,2,0.00570183759555221,0.000881336501718221
0.73,2,0.00570183759555221,0.000677280149958263
0.74,2,0.00570183759555221,0.00051459165252818
0.75,2,0.00532622262835503,0.000386238098144531
0.76,2,0.00532622262835503,0.000286107756606259
0.77,2,0.00532622262835503,0.000208937624278972
0.78,2,0.00532622262835503,0.000150239166566861
0.79,2,0.00315262819640338,0.0001062236093724
0.8,2,0.00315262819640338,7.37279999999999e-05
0.81,2,0.00302590965293348,5.01431207004002e-05
0.82,2,0.00302590965293348,3.33441967108607e-05
0.83,2,0.00302590965293348,2.1625196854972e-05
0.84,2,0.00302590965293348,1.36373801582592e-05
0.85,2,0.00302590965293348,8.33259814453126e-06
0.86,2,0.00302590965293348,4.91172113617921e-06
0.87,2,0.00302590965293348,2.77841962226205e-06
0.88,2,0.00307673285715282,1.4984002142208e-06
0.89,2,0.00307673285715282,7.64071513380448e-07
0.9,2,0.00274096778593957,3.645e-07
0.91,2,0.00266678747721016,1.6041145347045e-07
0.92,2,0.00266678747721016,6.39010603007995e-08
0.93,2,0.00266678747721016,2.24368937320499e-08
0.94,2,0.00266678747721016,6.67848913919997e-09
0.95,2,0.00255008204840124,1.58642578124998e-09
0.96,2,0.00255008204840124,2.71790899200002e-10
0.97,2,0.00255008204840124,2.77796020500002e-11
0.98,2,0.00255008204840124,1.10638080000001e-12
0.99,2,0.000397521303966641,4.41045000000003e-15
1,2,0.000397521303966641,0
0,3,0.0098975095897913,0
0.01,3,0.0098975095897913,0.000111847841748839
0.02,3,0.0098975095897913,0.000833400511916852
0.03,3,0.0098975095897913,0.00261786441709086
0.04,3,0.0098975095897913,0.00577111663187067
0.05,3,0.0098975095897913,0.0104750594414062
0.06,3,0.0098975095897913,0.0168085392414732
0.07,3,0.0708287805318832,0.0247660078342076
0.08,3,0.0708287805318832,0.0342740951799693
0.09,3,0.0708287805318832,0.0452062539733775
0.1,3,0.0708287805318832,0.057395628
0.11,3,0.0722222849726677,0.0706462880951389
0.12,3,0.0722222849726677,0.0847429716632665
0.13,3,0.0722222849726677,0.0994594541215913
0.14,3,0.0722222849726677,0.114565673299601
0.15,3,0.0722222849726677,0.129833720753906
0.16,3,0.134481236338615,0.145042807139913
0.17,3,0.134481236338615,0.159983302214445
0.18,3,0.134481236338615,0.174459943722085
0.19,3,0.134481236338615,0.188294303338293
0.2,3,0.134481236338615,0.201326592
0.21,3,0.141024559736252,0.213416881344982
0.22,3,0.141024559736252,0.224445812600523
0.23,3,0.141024559736252,0.234314859105361
0.24,3,0.141024559736252,0.242946203712278
0.25,3,0.141024559736252,0.250282287597656
0.26,3,0.141024559736252,0.256285082494404
0.27,3,0.141024559736252,0.260935134061663
0.28,3,0.141024559736252,0.264230420004156
0.29,3,0.142526343464851,0.266185062651598
0.3,3,0.262663006782532,0.266827932
0.31,3,0.262663006782532,0.266201171697455
0.32,3,0.262663006782532,0.264358677122856
0.33,3,0.262663006782532,0.261364551552591
0.34,3,0.262663006782532,0.257291563433166
0.35,3,0.238839536905289,0.252219624972656
0.36,3,0.240185990929604,0.246234309626482
0.37,3,0.240185990929604,0.239425423578871
0.38,3,0.240185990929604,0.231885644006214
0.39,3,0.275568842887878,0.223709234747916
0.4,3,0.275568842887878,0.214990848
0.41,3,0.264591962099075,0.205824418782252
0.42,3,0.264591962099075,0.196302157206711
0.43,3,0.264591962099075,0.186513641989555
0.44,3,0.268806338310242,0.17654501719545
0.45,3,0.268806338310242,0.166478292878906
0.46,3,0.142534181475639,0.156390749086803
0.47,3,0.142534181475639,0.146354441605556
0.48,3,0.142534181475639,0.136435806871172
0.49,3,0.142534181475639,0.126695362606191
0.5,3,0.14494326710701,0.1171875
0.51,3,0.14494326710701,0.107960362603791
0.52,3,0.14494326710701,0.0990558065642176
0.53,3,0.14494326710701,0.0905094363662041
0.54,3,0.0605133362114429,0.0823507098910323
0.55,3,0.0605133362114429,0.0746031063164063
0.56,3,0.0605133362114429,0.0672843501863436
0.57,3,0.0605133362114429,0.0604066848560863
0.58,3,0.0605133362114429,0.0539771884664205
0.59,3,0.0605133362114429,0.0479981256184871
0.6,3,0.0535107217729092,0.042467328
0.61,3,0.0508661009371281,0.0373785973524073
0.62,3,0.0508661009371281,0.0327221243615834
0.63,3,0.0559908859431744,0.0284849172977703
0.64,3,0.0546608939766884,0.0246512345193382
0.65,3,0.0524611994624138,0.0212030152851563
0.66,3,0.0524611994624138,0.0181203036875993
0.67,3,0.0573733188211918,0.0153816609181097
0.68,3,0.0126354303210974,0.0129645615054323
0.69,3,0.0128372553735971,0.0108457696187886
0.7,3,0.0128372553735971,0.00900169199999999
0.71,3,0.0128372553735971,0.00740870457555661
0.72,3,0.0128372553735971,0.00604345029749638
0.73,3,0.0128372553735971,0.00488310626636575
0.74,3,0.0128372553735971,0.00390561869611131
0.75,3,0.0119915874674916,0.00308990478515625
0.76,3,0.0119915874674916,0.00241602105578619
0.77,3,0.0119915874674916,0.0018652982109543
0.78,3,0.0119915874674916,0.00142044302935941
0.79,3,0.00709790037944913,0.00106560827179932
0.8,3,0.00709790037944913,0.000786431999999999
0.81,3,0.00681260321289301,0.000570048109015077
0.82,3,0.00681260321289301,0.00040507024152453
0.83,3,0.00681260321289301,0.000281551582582381
0.84,3,0.00681260321289301,0.000190923322215629
0.85,3,0.00681260321289301,0.00012591481640625
0.86,3,0.00681260321289301,8.04586700402687e-05
0.87,3,0.00681260321289301,4.95841040280612e-05
0.88,3,0.0069270278327167,2.93020486336512e-05
0.89,3,0.0069270278327167,1.64854217432388e-05
0.9,3,0.0061710812151432,8.74799999999999e-06
0.91,3,0.00600406946614385,4.3251680787588e-06
0.92,3,0.00600406946614385,1.95963251589119e-06
0.93,3,0.00600406946614385,7.94907092221197e-07
0.94,3,0.00600406946614385,2.79012435148798e-07
0.95,3,0.00574131635949016,8.0378906249999e-08
0.96,3,0.00574131635949016,1.73946175488001e-08
0.97,3,0.00574131635949016,2.39521902120002e-09
0.98,3,0.00574131635949016,1.445670912e-10
0.99,3,0.000894988654181361,1.1643588e-12
1,3,0.000894988654181361,0
0,4,0.00491096172481775,0
0.01,4,0.00491096172481775,1.9771083137421e-06
0.02,4,0.00491096172481775,2.97643039970304e-05
0.03,4,0.00491096172481775,0.000141688538038423
0.04,4,0.00491096172481775,0.00042081058774057
0.05,4,0.00491096172481775,0.000964808106445314
0.06,4,0.00491096172481775,0.00187754959612201
0.07,4,0.0351439453661442,0.00326218920396821
0.08,4,0.0351439453661442,0.00521562317956055
0.09,4,0.0351439453661442,0.00782415934154611
0.1,4,0.0351439453661442,0.011160261
0.11,4,0.0358353778719902,0.015280236470016
0.12,4,0.0358353778719902,0.0202227546014613
0.13,4,0.0358353778719902,0.0260080756467379
0.14,4,0.0358353778719902,0.0326378953004676
0.15,4,0.0358353778719902,0.0400957078798828
0.16,4,0.0516650937497616,0.048347602379971
0.17,4,0.0516650937497616,0.0573434125407198
0.18,4,0.0516650937497616,0.0670181491127523
0.19,4,0.0516650937497616,0.0772936492098549
0.2,4,0.0516650937497616,0.088080384
0.21,4,0.106367096304893,0.0992793720180772
0.22,4,0.106367096304893,0.110784151091284
0.23,4,0.106367096304893,0.12248276725962
0.24,4,0.106367096304893,0.134259744156785
0.25,4,0.106367096304893,0.145998001098633
0.26,4,0.106367096304893,0.157580692614802
0.27,4,0.106367096304893,0.16889294636183
0.28,4,0.106367096304893,0.179823480280606
0.29,4,0.107499815523624,0.190266083515051
0.3,4,0.224740967154503,0.200120949
0.31,4,0.224740967154503,0.209295848762129
0.32,4,0.224740967154503,0.217707145865881
0.33,4,0.224740967154503,0.22528063958451
0.34,4,0.224740967154503,0.231952242792021
0.35,4,0.204357013106346,0.237668492762695
0.36,4,0.199871584773064,0.242386898538568
0.37,4,0.199871584773064,0.246076129789395
0.38,4,0.199871584773064,0.248716053651827
0.39,4,0.190564021468163,0.250297627402381
0.4,4,0.190564021468163,0.250822656
0.41,4,0.182973176240921,0.250303424536044
0.42,4,0.182973176240921,0.248762216460229
0.43,4,0.182973176240921,0.24623072911779
0.44,4,0.169959664344788,0.242749398643743
0.45,4,0.169959664344788,0.23836664662207
0.46,4,0.154398441314697,0.23313806113866
0.47,4,0.154398441314697,0.227125524944472
0.48,4,0.154398441314697,0.220396303407278
0.49,4,0.154398441314697,0.213022104774134
0.5,4,0.0782719179987907,0.205078125
0.51,4,0.0782719179987907,0.196642089028334
0.52,4,0.0782719179987907,0.187793299944662
0.53,4,0.0782719179987907,0.178611706871605
0.54,4,0.0883711725473404,0.16917700184136
0.55,4,0.0883711725473404,0.159567755176758
0.56,4,0.0883711725473404,0.149860598142311
0.57,4,0.0883711725473404,0.140129460799875
0.58,4,0.0883711725473404,0.130444872127183
0.59,4,0.0883711725473404,0.120873328539239
0.6,4,0.0781448408961296,0.111476736
0.61,4,0.0742827504873276,0.102311929932551
0.62,4,0.0742827504873276,0.0934302761376789
0.63,4,0.081766776740551,0.0848773549210589
0.64,4,0.103578329086304,0.0766927296157188
0.65,4,0.0994100719690323,0.0689097996767578
0.66,4,0.0994100719690323,0.0615557375269917
0.67,4,0.108718171715736,0.0546515073529808
0.68,4,0.0970819890499115,0.0482119630983266
0.69,4,0.0162180531769991,0.042246021982862
0.7,4,0.0162180531769991,0.036756909
0.71,4,0.0162180531769991,0.0317424670176865
0.72,4,0.0162180531769991,0.0271955263387337
0.73,4,0.0162180531769991,0.0231043268714157
0.74,4,0.0162180531769991,0.0194529854287083
0.75,4,0.0151496678590775,0.0162220001220703
0.76,4,0.0151496678590775,0.0133887833508151
0.77,4,0.0151496678590775,0.0109282145185257
0.78,4,0.0151496678590775,0.0088132033412527
0.79,4,0.0089671928435564,0.00701525445601218
0.8,4,0.0089671928435564,0.00550502399999999
0.81,4,0.00860676076263189,0.00425285891857301
0.82,4,0.00860676076263189,0.00322930998104278
0.83,4,0.00860676076263189,0.00240560984529945
0.84,4,0.00860676076263189,0.00175410802285609
0.85,4,0.00860676076263189,0.00124865526269531
0.86,4,0.00860676076263189,0.000864930702932891
0.87,4,0.00860676076263189,0.000580706141405563
0.88,4,0.00875131972134113,0.000376042957465191
0.89,4,0.00875131972134113,0.000233418585137222
0.9,4,0.00779628893360496,0.000137781
0.91,4,0.00758529314771295,7.65314462824819e-05
0.92,4,0.00758529314771295,3.94376043823103e-05
0.93,4,0.00758529314771295,1.84815898941428e-05
0.94,4,0.00758529314771295,7.64959093032955e-06
0.95,4,0.00725334137678146,2.67259863281248e-06
0.96,4,0.00725334137678146,7.30573937049604e-07
0.97,4,0.00725334137678146,1.35529476282901e-07
0.98,4,0.00725334137678146,1.23966280704e-08
0.99,4,0.00113069161307067,2.01725162100001e-10
1,4,0.00113069161307067,0
0,5,0.00300710252486169,0
0.01,5,0.00300710252486169,2.396494925748e-08
0.02,5,0.00300710252486169,7.28921730539521e-07
0.03,5,0.00300710252486169,5.25854367977652e-06
0.04,5,0.00300710252486169,2.10405293870285e-05
0.05,5,0.00300710252486169,6.09352488281249e-05
0.06,5,0.00300710252486169,0.000143812309490196
0.07,5,0.0215195063501596,0.000294649347455193
0.08,5,0.0215195063501596,0.000544238940475882
0.09,5,0.0215195063501596,0.000928581548227449
0.1,5,0.0215195063501596,0.0014880348
0.11,5,0.0219428855925798,0.00226628226296867
0.12,5,0.0219428855925798,0.00330917802569368
0.13,5,0.0219428855925798,0.00466351701251852
0.14,5,0.0219428855925798,0.0063757748959053
0.15,5,0.0219428855925798,0.00849085578632812
0.16,5,0.0316358134150505,0.0110508805439934
0.17,5,0.0316358134150505,0.0140940435642251
0.18,5,0.0316358134150505,0.0176535612297006
0.19,5,0.0316358134150505,0.0217567308886998
0.2,5,0.0316358134150505,0.0264241152
0.21,5,0.0392825417220592,0.031668862972855
0.22,5,0.0392825417220592,0.0374961742155115
0.23,5,0.0392825417220592,0.043902913978773
0.24,5,0.0392825417220592,0.0508773767330975
0.25,5,0.0392825417220592,0.0583992004394531
0.26,5,0.0392825417220592,0.0664394271565113
0.27,5,0.0392825417220592,0.0749607049605932
0.28,5,0.0392825417220592,0.0839176241309496
0.29,5,0.0397008620202541,0.0932571789623063
0.3,5,0.126925587654114,0.1029193452
0.31,5,0.126925587654114,0.112837761941322
0.32,5,0.126925587654114,0.122940505900733
0.33,5,0.126925587654114,0.133150945187262
0.34,5,0.126925587654114,0.143388659180522
0.35,5,0.16949774324894,0.153570410708203
0.36,5,0.170453295111656,0.163611156513533
0.37,5,0.170453295111656,0.173425081946812
0.38,5,0.170453295111656,0.182926645911666
0.39,5,0.162515670061111,0.192031622334942
0.4,5,0.162515670061111,0.2006581248
0.41,5,0.156042098999023,0.208727601477515
0.42,5,0.156042098999023,0.216165788096475
0.43,5,0.156042098999023,0.222903607411894
0.44,5,0.15852752327919,0.228878004435529
0.45,5,0.15852752327919,0.234032707592578
0.46,5,0.312151908874512,0.238318906941742
0.47,5,0.312151908874512,0.241695841639023
0.48,5,0.312151908874512,0.244131289928061
0.49,5,0.312151908874512,0.245601956092532
0.5,5,0.317427814006805,0.24609375
0.51,5,0.317427814006805,0.245601956092532
0.52,5,0.317427814006805,0.244131289928061
0.53,5,0.317427814006805,0.241695841639023
0.54,5,0.358384847640991,0.238318906941742
0.55,5,0.358384847640991,0.234032707592578
0.56,5,0.358384847640991,0.228878004435529
0.57,5,0.358384847640991,0.222903607411894
0.58,5,0.358384847640991,0.216165788096475
0.59,5,0.358384847640991,0.208727601477515
0.6,5,0.28802764415741,0.2006581248
0.61,5,0.273792684078217,0.192031622334942
0.62,5,0.273792684078217,0.182926645911666
0.63,5,0.108958795666695,0.173425081946812
0.64,5,0.106370620429516,0.163611156513533
0.65,5,0.102089993655682,0.153570410708203
0.66,5,0.102089993655682,0.143388659180522
0.67,5,0.0846959948539734,0.133150945187262
0.68,5,0.0756309255957603,0.122940505900733
0.69,5,0.0768389776349068,0.112837761941322
0.7,5,0.0768389776349068,0.1029193452
0.71,5,0.0768389776349068,0.0932571789623065
0.72,5,0.0768389776349068,0.0839176241309496
0.73,5,0.0768389776349068,0.0749607049605932
0.74,5,0.0768389776349068,0.0664394271565113
0.75,5,0.0717771202325821,0.0583992004394531
0.76,5,0.0717771202325821,0.0508773767330975
0.77,5,0.0717771202325821,0.043902913978773
0.78,5,0.0717771202325821,0.0374961742155115
0.79,5,0.0424853712320328,0.031668862972855
0.8,5,0.0424853712320328,0.0264241152
0.81,5,0.0407776907086372,0.0217567308886999
0.82,5,0.0407776907086372,0.0176535612297006
0.83,5,0.0407776907086372,0.0140940435642251
0.84,5,0.0407776907086372,0.0110508805439934
0.85,5,0.0407776907086372,0.00849085578632812
0.86,5,0.0407776907086372,0.0063757748959053
0.87,5,0.0407776907086372,0.00466351701251852
0.88,5,0.0414625890552998,0.00330917802569368
0.89,5,0.0414625890552998,0.00226628226296867
0.9,5,0.0369377732276917,0.0014880348
0.91,5,0.0359381027519703,0.000928581548227447
0.92,5,0.0359381027519703,0.000544238940475882
0.93,5,0.0359381027519703,0.000294649347455192
0.94,5,0.0359381027519703,0.000143812309490196
0.95,5,0.0343653596937656,6.09352488281246e-05
0.96,5,0.0343653596937656,2.10405293870285e-05
0.97,5,0.0343653596937656,5.25854367977654e-06
0.98,5,0.0343653596937656,7.28921730539523e-07
0.99,5,0.00535706523805857,2.396494925748e-08
1,5,0.00535706523805857,0
0,6,0.00107865838799626,0
0.01,6,0.00107865838799626,2.017251621e-10
0.02,6,0.00107865838799626,1.23966280704e-08
0.03,6,0.00107865838799626,1.355294762829e-07
0.04,6,0.00107865838799626,7.30573937049602e-07
0.05,6,0.00107865838799626,2.6725986328125e-06
0.06,6,0.00107865838799626,7.6495909303296e-06
0.07,6,0.00771912140771747,1.84815898941429e-05
0.08,6,0.00771912140771747,3.94376043823104e-05
0.09,6,0.00771912140771747,7.6531446282482e-05
0.1,6,0.00771912140771747,0.000137781
0.11,6,0.007870988920331,0.000233418585137222
0.12,6,0.007870988920331,0.000376042957465191
0.13,6,0.007870988920331,0.000580706141405563
0.14,6,0.007870988920331,0.000864930702932891
0.15,6,0.007870988920331,0.00124865526269531
0.16,6,0.0113478731364012,0.00175410802285609
0.17,6,0.0113478731364012,0.00240560984529946
0.18,6,0.0113478731364012,0.00322930998104279
0.19,6,0.0113478731364012,0.00425285891857302
0.2,6,0.0113478731364012,0.005505024
0.21,6,0.0140907801687717,0.00701525445601219
0.22,6,0.0140907801687717,0.0088132033412527
0.23,6,0.0140907801687717,0.0109282145185258
0.24,6,0.0140907801687717,0.0133887833508151
0.25,6,0.0140907801687717,0.0162220001220703
0.26,6,0.0140907801687717,0.0194529854287083
0.27,6,0.0140907801687717,0.0231043268714157
0.28,6,0.0140907801687717,0.0271955263387337
0.29,6,0.0142408339306712,0.0317424670176865
0.3,6,0.0262445528060198,0.036756909
0.31,6,0.0262445528060198,0.0422460219828621
0.32,6,0.0262445528060198,0.0482119630983266
0.33,6,0.0262445528060198,0.0546515073529808
0.34,6,0.0262445528060198,0.0615557375269918
0.35,6,0.148288026452065,0.068909799676758
0.36,6,0.149123996496201,0.0766927296157188
0.37,6,0.149123996496201,0.0848773549210589
0.38,6,0.149123996496201,0.0934302761376789
0.39,6,0.142179638147354,0.102311929932551
0.4,6,0.142179638147354,0.111476736
0.41,6,0.16739022731781,0.120873328539239
0.42,6,0.16739022731781,0.130444872127183
0.43,6,0.16739022731781,0.140129460799875
0.44,6,0.170056402683258,0.149860598142311
0.45,6,0.170056402683258,0.159567755176758
0.46,6,0.154486313462257,0.16917700184136
0.47,6,0.154486313462257,0.178611706871605
0.48,6,0.154486313462257,0.187793299944662
0.49,6,0.154486313462257,0.196642089028334
0.5,6,0.157097414135933,0.205078125
0.51,6,0.157097414135933,0.213022104774134
0.52,6,0.157097414135933,0.220396303407278
0.53,6,0.157097414135933,0.227125524944472
0.54,6,0.177367344498634,0.23313806113866
0.55,6,0.177367344498634,0.23836664662207
0.56,6,0.177367344498634,0.242749398643743
0.57,6,0.177367344498634,0.24623072911779
0.58,6,0.177367344498634,0.248762216460229
0.59,6,0.177367344498634,0.250303424536044
0.6,6,0.156842365860939,0.250822656
0.61,6,0.198513045907021,0.250297627402381
0.62,6,0.198513045907021,0.248716053651827
0.63,6,0.226176366209984,0.246076129789395
0.64,6,0.220803827047348,0.242386898538568
0.65,6,0.209477916359901,0.237668492762695
0.66,6,0.209477916359901,0.231952242792021
0.67,6,0.162411659955978,0.22528063958451
0.68,6,0.145028635859489,0.217707145865881
0.69,6,0.147345170378685,0.209295848762129
0.7,6,0.147345170378685,0.200120949
0.71,6,0.147345170378685,0.190266083515051
0.72,6,0.147345170378685,0.179823480280606
0.73,6,0.147345170378685,0.16889294636183
0.74,6,0.147345170378685,0.157580692614802
0.75,6,0.13763864338398,0.145998001098633
0.76,6,0.13763864338398,0.134259744156785
0.77,6,0.13763864338398,0.12248276725962
0.78,6,0.13763864338398,0.110784151091284
0.79,6,0.0814692601561546,0.0992793720180771
0.8,6,0.0814692601561546,0.088080384
0.81,6,0.0781946331262589,0.0772936492098547
0.82,6,0.0781946331262589,0.0670181491127522
0.83,6,0.0781946331262589,0.0573434125407197
0.84,6,0.0781946331262589,0.048347602379971
0.85,6,0.0781946331262589,0.0400957078798828
0.86,6,0.0781946331262589,0.0326378953004676
0.87,6,0.0781946331262589,0.0260080756467379
0.88,6,0.0655389875173569,0.0202227546014613
0.89,6,0.0655389875173569,0.015280236470016
0.9,6,0.0583867020905018,0.011160261
0.91,6,0.0568065457046032,0.00782415934154609
0.92,6,0.0568065457046032,0.00521562317956054
0.93,6,0.0568065457046032,0.00326218920396819
0.94,6,0.0568065457046032,0.001877549596122
0.95,6,0.0543205477297306,0.000964808106445307
0.96,6,0.0543205477297306,0.00042081058774057
0.97,6,0.0543205477297306,0.000141688538038423
0.98,6,0.0543205477297306,2.97643039970305e-05
0.99,6,0.00846779532730579,1.97710831374211e-06
1,6,0.00846779532730579,0
0,7,0.00090855493908748,0
0.01,7,0.00090855493908748,1.1643588e-12
0.02,7,0.00090855493908748,1.445670912e-10
0.03,7,0.00090855493908748,2.39521902120001e-09
0.04,7,0.00090855493908748,1.73946175488e-08
0.05,7,0.00090855493908748,8.03789062500002e-08
0.06,7,0.00090855493908748,2.790124351488e-07
0.07,7,0.00650182273238897,7.94907092221203e-07
0.08,7,0.00650182273238897,1.9596325158912e-06
0.09,7,0.00650182273238897,4.3251680787588e-06
0.1,7,0.00650182273238897,8.748e-06
0.11,7,0.00662974128499627,1.64854217432388e-05
0.12,7,0.00662974128499627,2.93020486336512e-05
0.13,7,0.00662974128499627,4.95841040280612e-05
0.14,7,0.00662974128499627,8.04586700402687e-05
0.15,7,0.00662974128499627,0.00012591481640625
0.16,7,0.00955832470208406,0.000190923322215628
0.17,7,0.00955832470208406,0.000281551582582382
0.18,7,0.00955832470208406,0.000405070241524531
0.19,7,0.00955832470208406,0.000570048109015077
0.2,7,0.00955832470208406,0.000786432
0.21,7,0.0118686789646745,0.00106560827179932
0.22,7,0.0118686789646745,0.00142044302935941
0.23,7,0.0118686789646745,0.0018652982109543
0.24,7,0.0118686789646745,0.00241602105578619
0.25,7,0.0118686789646745,0.00308990478515625
0.26,7,0.0118686789646745,0.00390561869611131
0.27,7,0.0118686789646745,0.00488310626636575
0.28,7,0.0118686789646745,0.00604345029749638
0.29,7,0.0119950696825981,0.00740870457555659
0.3,7,0.0221058167517185,0.00900169199999999
0.31,7,0.0221058167517185,0.0108457696187886
0.32,7,0.0221058167517185,0.0129645615054324
0.33,7,0.0221058167517185,0.0153816609181097
0.34,7,0.0221058167517185,0.0181203036875993
0.35,7,0.020100824534893,0.0212030152851563
0.36,7,0.0202141422778368,0.0246512345193382
0.37,7,0.0202141422778368,0.0284849172977703
0.38,7,0.0202141422778368,0.0327221243615834
0.39,7,0.0192728135734797,0.0373785973524073
0.4,7,0.0192728135734797,0.042467328
0.41,7,0.0909619107842445,0.0479981256184871
0.42,7,0.0909619107842445,0.0539771884664205
0.43,7,0.0909619107842445,0.0604066848560863
0.44,7,0.0924107432365417,0.0672843501863436
0.45,7,0.0924107432365417,0.0746031063164063
0.46,7,0.0839497745037079,0.0823507098910323
0.47,7,0.0839497745037079,0.0905094363662041
0.48,7,0.0839497745037079,0.0990558065642176
0.49,7,0.0839497745037079,0.107960362603791
0.5,7,0.0853686705231667,0.1171875
0.51,7,0.0853686705231667,0.126695362606191
0.52,7,0.0853686705231667,0.136435806871172
0.53,7,0.0853686705231667,0.146354441605556
0.54,7,0.180830582976341,0.156390749086803
0.55,7,0.180830582976341,0.166478292878906
0.56,7,0.180830582976341,0.17654501719545
0.57,7,0.180830582976341,0.186513641989555
0.58,7,0.180830582976341,0.196302157206711
0.59,7,0.180830582976341,0.205824418782252
0.6,7,0.304509878158569,0.214990848
0.61,7,0.289460331201553,0.223709234747916
0.62,7,0.289460331201553,0.231885644006214
0.63,7,0.299704194068909,0.239425423578871
0.64,7,0.292585074901581,0.246234309626482
0.65,7,0.280810713768005,0.252219624972656
0.66,7,0.280810713768005,0.257291563433166
0.67,7,0.307103961706161,0.261364551552591
0.68,7,0.274234414100647,0.264358677122856
0.69,7,0.27861475944519,0.266201171697455
0.7,7,0.27861475944519,0.266827932
0.71,7,0.27861475944519,0.266185062651598
0.72,7,0.27861475944519,0.264230420004156
0.73,7,0.27861475944519,0.260935134061663
0.74,7,0.27861475944519,0.256285082494404
0.75,7,0.300027102231979,0.250282287597656
0.76,7,0.300027102231979,0.242946203712278
0.77,7,0.300027102231979,0.234314859105361
0.78,7,0.300027102231979,0.224445812600523
0.79,7,0.0899029150605202,0.213416881344982
0.8,7,0.0899029150605202,0.201326592
0.81,7,0.0862893164157867,0.188294303338293
0.82,7,0.0862893164157867,0.174459943722085
0.83,7,0.0862893164157867,0.159983302214445
0.84,7,0.0862893164157867,0.145042807139913
0.85,7,0.0862893164157867,0.129833720753906
0.86,7,0.0862893164157867,0.114565673299601
0.87,7,0.0862893164157867,0.0994594541215913
0.88,7,0.0877386257052422,0.0847429716632665
0.89,7,0.0877386257052422,0.0706462880951389
0.9,7,0.0781636908650398,0.0573956279999999
0.91,7,0.0760482996702194,0.0452062539733774
0.92,7,0.0760482996702194,0.0342740951799693
0.93,7,0.0760482996702194,0.0247660078342075
0.94,7,0.0760482996702194,0.0168085392414732
0.95,7,0.0727202370762825,0.0104750594414062
0.96,7,0.0727202370762825,0.00577111663187068
0.97,7,0.0727202370762825,0.00261786441709087
0.98,7,0.0727202370762825,0.000833400511916854
0.99,7,0.0113360406830907,0.000111847841748839
1,7,0.0113360406830907,0
0,8,0.000407541112508625,0
0.01,8,0.000407541112508625,4.41044999999999e-15
0.02,8,0.000407541112508625,1.1063808e-12
0.03,8,0.000407541112508625,2.77796020499999e-11
0.04,8,0.000407541112508625,2.71790899200001e-10
0.05,8,0.000407541112508625,1.58642578125001e-09
0.06,8,0.000407541112508625,6.67848913920001e-09
0.07,8,0.00291645573452115,2.24368937320501e-08
0.08,8,0.00291645573452115,6.39010603007998e-08
0.09,8,0.00291645573452115,1.60411453470451e-07
0.1,8,0.00291645573452115,3.64500000000001e-07
0.11,8,0.00297383475117385,7.64071513380451e-07
0.12,8,0.00297383475117385,1.4984002142208e-06
0.13,8,0.00297383475117385,2.77841962226205e-06
0.14,8,0.00297383475117385,4.91172113617921e-06
0.15,8,0.00297383475117385,8.33259814453126e-06
0.16,8,0.0042874775826931,1.36373801582592e-05
0.17,8,0.0042874775826931,2.16251968549721e-05
0.18,8,0.0042874775826931,3.33441967108609e-05
0.19,8,0.0042874775826931,5.01431207004004e-05
0.2,8,0.0042874775826931,7.37280000000002e-05
0.21,8,0.00532380864024162,0.0001062236093724
0.22,8,0.00532380864024162,0.00015023916656686
0.23,8,0.00532380864024162,0.000208937624278972
0.24,8,0.00532380864024162,0.000286107756606259
0.25,8,0.00532380864024162,0.000386238098144531
0.26,8,0.00532380864024162,0.00051459165252818
0.27,8,0.00532380864024162,0.000677280149958263
0.28,8,0.00532380864024162,0.000881336501718221
0.29,8,0.00538050243631005,0.00113478397548138
0.3,8,0.00991577561944723,0.0014467005
0.31,8,0.00991577561944723,0.00182727640316547
0.32,8,0.00991577561944723,0.0022878637950763
0.33,8,0.00991577561944723,0.00284101572927774
0.34,8,0.00991577561944723,0.00350051321237714
0.35,8,0.00901641696691513,0.00428137808642578
0.36,8,0.00906724669039249,0.00519986978142291
0.37,8,0.00906724669039249,0.00627346392867561
0.38,8,0.00906724669039249,0.0075208108411704
0.39,8,0.00864500552415848,0.00896167190621241
0.4,8,0.00864500552415848,0.010616832
0.41,8,0.00830064434558153,0.0125079861251566
0.42,8,0.00830064434558153,0.0146575985921746
0.43,8,0.00830064434558153,0.0170887332158665
0.44,8,0.00843285676091909,0.0198248531799048
0.45,8,0.00843285676091909,0.0228895894379883
0.46,8,0.00766075868159533,0.0263064767707464
0.47,8,0.00766075868159533,0.0300986569047989
0.48,8,0.00766075868159533,0.0342885484260754
0.49,8,0.00766075868159533,0.0388974835851895
0.5,8,0.069624587893486,0.0439453125
0.51,8,0.069624587893486,0.0494499757110897
0.52,8,0.069624587893486,0.0554270465414136
0.53,8,0.069624587893486,0.0618892452534134
0.54,8,0.0786080956459045,0.0688459275871253
0.55,8,0.0786080956459045,0.076302550902832
0.56,8,0.0786080956459045,0.0842601218432829
0.57,8,0.0786080956459045,0.0927146301750406
0.58,8,0.0786080956459045,0.101656474267761
0.59,8,0.0786080956459045,0.111069884525789
0.6,8,0.0695115476846695,0.120932352
0.61,8,0.0660761371254921,0.131214070380989
0.62,8,0.0660761371254921,0.141877400609065
0.63,8,0.0727333426475525,0.152876368433806
0.64,8,0.0710056498646736,0.164156206417655
0.65,8,0.0681482031941414,0.175652953105957
0.66,8,0.0681482031941414,0.187293123381496
0.67,8,0.0745291486382484,0.198993465386632
0.68,8,0.209950119256973,0.210660820832276
0.69,8,0.279745280742645,0.222192107021666
0.7,8,0.279745280742645,0.2334744405
0.71,8,0.279745280742645,0.244385423899958
0.72,8,0.279745280742645,0.254793619289722
0.73,8,0.279745280742645,0.264559233145853
0.74,8,0.279745280742645,0.273535039969989
0.75,8,0.231643944978714,0.281567573547363
0.76,8,0.231643944978714,0.28849861690833
0.77,8,0.231643944978714,0.294167024202926
0.78,8,0.231643944978714,0.298410909934787
0.79,8,0.137111648917198,0.301070243325957
0.8,8,0.137111648917198,0.301989888
0.81,8,0.131600499153137,0.301023129678982
0.82,8,0.131600499153137,0.298035737191895
0.83,8,0.131600499153137,0.292910604789682
0.84,8,0.131600499153137,0.285553026556704
0.85,8,0.131600499153137,0.275896656602051
0.86,8,0.131600499153137,0.263910211708009
0.87,8,0.131600499153137,0.249604976208993
0.88,8,0.0755478143692017,0.233043172073983
0.89,8,0.0755478143692017,0.214347260470478
0.9,8,0.0673032701015472,0.1937102445
0.91,8,0.0654817968606949,0.171407046315723
0.92,8,0.0654817968606949,0.147807035463618
0.93,8,0.0654817968606949,0.123387789031141
0.94,8,0.0654817968606949,0.0987501680436551
0.95,8,0.0626161471009254,0.0746347985200194
0.96,8,0.0626161471009254,0.0519400496868361
0.97,8,0.0626161471009254,0.0317416060572267
0.98,8,0.0626161471009254,0.0153137344064722
0.99,8,0.00976095721125603,0.00415235112492565
1,8,0.00976095721125603,0
0,9,0.000426542566856369,0
0.01,9,0.000426542566856369,9.90000000000001e-18
0.02,9,0.000426542566856369,5.01760000000003e-15
0.03,9,0.000426542566856369,1.909251e-13
0.04,9,0.000426542566856369,2.51658240000001e-12
0.05,9,0.000426542566856369,1.85546875e-11
0.06,9,0.000426542566856369,9.47303424000002e-11
0.07,9,0.0030524346511811,3.75288545100001e-10
0.08,9,0.0030524346511811,1.23480309759999e-09
0.09,9,0.0030524346511811,3.52552644989999e-09
0.1,9,0.0030524346511811,9e-09
0.11,9,0.00311248889192939,2.09857344499e-08
0.12,9,0.00311248889192939,4.54060670976001e-08
0.13,9,0.00311248889192939,9.22591445450998e-08
0.14,9,0.00311248889192939,1.776850023424e-07
0.15,9,0.00311248889192939,3.267685546875e-07
0.16,9,0.00448738178238273,5.77243604582399e-07
0.17,9,0.00448738178238273,9.84279374925102e-07
0.18,9,0.00448738178238273,1.6265461810176e-06
0.19,9,0.00448738178238273,2.61377035200989e-06
0.2,9,0.00448738178238273,4.09599999999999e-06
0.21,9,0.00557203218340874,6.27481236798991e-06
0.22,9,0.00557203218340874,9.41669989877758e-06
0.23,9,0.00557203218340874,1.38688754932651e-05
0.24,9,0.00557203218340874,2.00777373057024e-05
0.25,9,0.00557203218340874,2.86102294921875e-05
0.26,9,0.00557203218340874,4.01783272244225e-05
0.27,9,0.00557203218340874,5.56668616404052e-05
0.28,9,0.00557203218340874,7.61648828645378e-05
0.29,9,0.00563136953860521,0.00010300073642867
0.3,9,0.010378098115325,0.000137781
0.31,9,0.010378098115325,0.00018243339290863
0.32,9,0.010378098115325,0.000239253730204058
0.33,9,0.010378098115325,0.000310956945493085
0.34,9,0.010378098115325,0.000400732152258662
0.35,9,0.00943680759519339,0.000512301651367188
0.36,9,0.00949000660330057,0.000649983722677862
0.37,9,0.00949000660330057,0.000818758960708983
0.38,9,0.00949000660330057,0.00102433982782966
0.39,9,0.00904807914048433,0.00127324300306843
0.4,9,0.00904807914048433,0.001572864
0.41,9,0.00868766196072102,0.00193155341292437
0.42,9,0.00868766196072102,0.00235869402632693
0.43,9,0.00868766196072102,0.00286477788804
0.44,9,0.00882603786885738,0.00346148230125322
0.45,9,0.00882603786885738,0.00416174353417969
0.46,9,0.0330980941653252,0.00497982687841291
0.47,9,0.0330980941653252,0.00593139150744467
0.48,9,0.0330980941653252,0.00703354839509238
0.49,9,0.0330980941653252,0.0083049093493433
0.5,9,0.0336575098335743,0.009765625
0.51,9,0.0336575098335743,0.0114374093481432
0.52,9,0.0336575098335743,0.0133435482414514
0.53,9,0.0336575098335743,0.01550888888147
0.54,9,0.038000263273716,0.0179598071966414
0.55,9,0.038000263273716,0.0207241496279297
0.56,9,0.038000263273716,0.0238311455718376
0.57,9,0.038000263273716,0.0273112864081514
0.58,9,0.038000263273716,0.0311961667065087
0.59,9,0.038000263273716,0.0355182828564852
0.6,9,0.0336028710007668,0.040310784
0.61,9,0.031942144036293,0.0456071697620531
0.62,9,0.031942144036293,0.0514409288758015
0.63,9,0.138084828853607,0.0578451123803591
0.64,9,0.134804800152779,0.0648518346341351
0.65,9,0.172062650322914,0.0724916949326172
0.66,9,0.172062650322914,0.0807931120469199
0.67,9,0.188173443078995,0.0897815635077734
0.68,9,0.170263171195984,0.0994787209485746
0.69,9,0.172982782125473,0.109901472290286
0.7,9,0.172982782125473,0.121060821
0.71,9,0.172982782125473,0.132960652083502
0.72,9,0.172982782125473,0.145596353879841
0.73,9,0.172982782125473,0.158953284112323
0.74,9,0.172982782125473,0.173005068015206
0.75,9,0.161587342619896,0.187711715698242
0.76,9,0.161587342619896,0.203017545231788
0.77,9,0.161587342619896,0.218848897233094
0.78,9,0.161587342619896,0.235111626009226
0.79,9,0.591422915458679,0.251688351563498
0.8,9,0.591422915458679,0.268435456
0.81,9,0.56866854429245,0.285179807064298
0.82,9,0.56866854429245,0.301715190737475
0.83,9,0.56866854429245,0.317798433954819
0.84,9,0.56866854429245,0.333145197649487
0.85,9,0.56866854429245,0.347425419424805
0.86,9,0.56866854429245,0.360258384236329
0.87,9,0.56866854429245,0.371207400515938
0.88,9,0.578219890594482,0.379774058194639
0.89,9,0.578219890594482,0.385392044078234
0.9,9,0.624248802661896,0.387420489
0.91,9,0.607354402542114,0.385136820116809
0.92,9,0.607354402542114,0.377729090629245
0.93,9,0.607354402542114,0.364287758091941
0.94,9,0.607354402542114,0.34379688133717
0.95,9,0.580775022506714,0.315124704862304
0.96,9,0.580775022506714,0.277013598329792
0.97,9,0.580775022506714,0.22806931759637
0.98,9,0.580775022506714,0.16674955242603
0.99,9,0.0905344933271408,0.0913517247483641
1,9,0.0905344933271408,0
0,10,0.000188921316294,0
0.01,10,0.000188921316294,1e-20
0.02,10,0.000188921316294,1.024e-17
0.03,10,0.000188921316294,5.9049e-16
0.04,10,0.000188921316294,1.048576e-14
0.05,10,0.000188921316294,9.76562500000001e-14
0.06,10,0.000188921316294,6.0466176e-13
0.07,10,0.00135196396149695,2.82475249e-12
0.08,10,0.00135196396149695,1.073741824e-11
0.09,10,0.00135196396149695,3.486784401e-11
0.1,10,0.00135196396149695,1e-10
0.11,10,0.00137856276705861,2.5937424601e-10
0.12,10,0.00137856276705861,6.1917364224e-10
0.13,10,0.00137856276705861,1.37858491849e-09
0.14,10,0.00137856276705861,2.89254654976e-09
0.15,10,0.00137856276705861,5.76650390625e-09
0.16,10,0.00198752153664827,1.099511627776e-08
0.17,10,0.00198752153664827,2.015993900449e-08
0.18,10,0.00198752153664827,3.570467226624e-08
0.19,10,0.00198752153664827,6.131066257801e-08
0.2,10,0.00198752153664827,1.024e-07
0.21,10,0.00246792752295732,1.6679880978201e-07
0.22,10,0.00246792752295732,2.6559922791424e-07
0.23,10,0.00246792752295732,4.1426511213649e-07
0.24,10,0.00246792752295732,6.3403380965376e-07
0.25,10,0.00246792752295732,9.5367431640625e-07
0.26,10,0.00246792752295732,1.41167095653376e-06
0.27,10,0.00246792752295732,2.05891132094649e-06
0.28,10,0.00246792752295732,2.96196766695424e-06
0.29,10,0.00249420874752104,4.20707233300201e-06
0.3,10,0.00459659704938531,5.9049e-06
0.31,10,0.00459659704938531,8.19628286980801e-06
0.32,10,0.00459659704938531,1.12589990684262e-05
0.33,10,0.00459659704938531,1.53157898526445e-05
0.34,10,0.00459659704938531,2.06437775405978e-05
0.35,10,0.00417968677356839,2.75854735351563e-05
0.36,10,0.00420324970036745,3.65615844006297e-05
0.37,10,0.00420324970036745,4.80858437241785e-05
0.38,10,0.00420324970036745,6.27821184798822e-05
0.39,10,0.00400751503184438,8.1404060851916e-05
0.4,10,0.00400751503184438,0.0001048576
0.41,10,0.00384788145311177,0.000134226593101524
0.42,10,0.00384788145311177,0.000170801981216778
0.43,10,0.00384788145311177,0.000216114823132842
0.44,10,0.00390917016193271,0.000271973609384182
0.45,10,0.00390917016193271,0.000340506289160156
0.46,10,0.00355125241912901,0.000424207474827766
0.47,10,0.00355125241912901,0.000525991322358301
0.48,10,0.00355125241912901,0.00064925062108545
0.49,10,0.00355125241912901,0.00079792266297612
0.5,10,0.00361127476207912,0.0009765625
0.51,10,0.00361127476207912,0.00119042423827613
0.52,10,0.00361127476207912,0.00144555105949057
0.53,10,0.00361127476207912,0.00174887470365513
0.54,10,0.00407722964882851,0.00210832519264921
0.55,10,0.00407722964882851,0.00253295162119141
0.56,10,0.00407722964882851,0.00303305489096114
0.57,10,0.00407722964882851,0.00362033331456892
0.58,10,0.00407722964882851,0.00430804206899406
0.59,10,0.00407722964882851,0.00511116753300641
0.6,10,0.0036054125521332,0.0060466176
0.61,10,0.0034272251650691,0.00713342911662882
0.62,10,0.0034272251650691,0.0083929936586834
0.63,10,0.00377251906320453,0.00984930291881791
0.64,10,0.00368290767073631,0.0115292150460685
0.65,10,0.00353469816036522,0.0134627433446289
0.66,10,0.00353469816036522,0.015683368809108
0.67,10,0.00386566366069019,0.0182283780455176
0.68,10,0.00345191895030439,0.0211392282015721
0.69,10,0.00350705697201192,0.0244619406065476
0.7,10,0.00350705697201192,0.0282475249
0.71,10,0.00350705697201192,0.0325524355100988
0.72,10,0.00350705697201192,0.0374390624262449
0.73,10,0.00350705697201192,0.0429762582970355
0.74,10,0.00350705697201192,0.0492399039735588
0.75,10,0.0590585358440876,0.0563135147094727
0.76,10,0.0590585358440876,0.0642888893233994
0.77,10,0.0590585358440876,0.073266804725862
0.78,10,0.0590585358440876,0.083357758312362
0.79,10,0.034957155585289,0.0946827608262686
0.8,10,0.034957155585289,0.1073741824
0.81,10,0.0727290958166122,0.121576654590569
0.82,10,0.0727290958166122,0.137448031335961
0.83,10,0.0727290958166122,0.155160411872059
0.84,10,0.0727290958166122,0.174901228765981
0.85,10,0.0727290958166122,0.196874404340723
0.86,10,0.0727290958166122,0.221301578888031
0.87,10,0.0727290958166122,0.248423414191436
0.88,10,0.129386737942696,0.278500976009402
0.89,10,0.129386737942696,0.311817199299662
0.9,10,0.115266747772694,0.3486784401
0.91,10,0.139210820198059,0.389416118118108
0.92,10,0.139210820198059,0.434388454223632
0.93,10,0.139210820198059,0.483982307179294
0.94,10,0.139210820198059,0.5386151140949
0.95,10,0.176881089806557,0.598736939238379
0.96,10,0.176881089806557,0.664832635991501
0.97,10,0.176881089806557,0.737424126894928
0.98,10,0.176881089806557,0.817072806887547
0.99,10,0.871687591075897,0.904382075008804
1,10,0.871687591075897,1
